stop_id,Route,Direction1,Direction2,stop_lat,stop_lon,stop_name
3581,Walmart Via 104,FROM DOWNTOWN, TO DOWNTOWN,43.456214,-76.512294,W Bridge St & W 2nd St
9695,Walmart Via 104,FROM DOWNTOWN, TO DOWNTOWN,43.457855,-76.506776,E Bridge & E 2nd St
9696,Walmart Via 104,FROM DOWNTOWN, TO DOWNTOWN,43.458451,-76.504755,E Bridge St & E 4th St
9726,Walmart Via 104,FROM DOWNTOWN, TO DOWNTOWN,43.459028,-76.50287,E Bridge St & E 6th St
9727,Walmart Via 104,FROM DOWNTOWN, TO DOWNTOWN,43.459389,-76.501555,E Bridge St & E 7th St
9729,Walmart Via 104,FROM DOWNTOWN, TO DOWNTOWN,43.460002,-76.499497,E Bridge St & E 9th St
9731,Walmart Via 104,FROM DOWNTOWN, TO DOWNTOWN,43.460418,-76.497264,Route 104 & E 10th St
9735,Walmart Via 104,FROM DOWNTOWN, TO DOWNTOWN,43.460481,-76.492335,Route 104 & E 12th St
9736,Walmart Via 104,FROM DOWNTOWN, TO DOWNTOWN,43.460557,-76.489964,Route 104 & E 13th St
9737,Walmart Via 104,FROM DOWNTOWN, TO DOWNTOWN,43.460925,-76.484603,Route 104 & George St
9614,Walmart Via 104,FROM DOWNTOWN, TO DOWNTOWN,43.464189,-76.477947,Walmart - Oswego
16875,Walmart Via 104,FROM DOWNTOWN, TO DOWNTOWN,43.464001,-76.472633,Lowe's Home Improvement
17539,Blue Route,FROM CAMPUS,TO CAMPUS,43.447158,-76.549172,SUNY Oswego The Village Residence
15529,Blue Route,FROM CAMPUS,TO CAMPUS,43.449636,-76.550735,SUNY Oswego New Campus
15527,Blue Route,FROM CAMPUS,TO CAMPUS,43.449798,-76.550587,SUNY Oswego New Campus
17968,Blue Route,FROM CAMPUS,TO CAMPUS,43.450453,-76.54982,Oneida Hall & Onondaga Hall
16182,Blue Route,FROM CAMPUS,TO CAMPUS,43.451412,-76.549911,Rudolph St & Onondaga Hall
17969,Blue Route,FROM CAMPUS,TO CAMPUS,43.452499,-76.548364,Resident 12 Parking Lot
16170,Blue Route,FROM CAMPUS,TO CAMPUS,43.454301,-76.543953,Penfield Library
16183,Blue Route,FROM CAMPUS,TO CAMPUS,43.454218,-76.545082,Penfield Library
16184,Blue Route,FROM CAMPUS,TO CAMPUS,43.455469,-76.542468,Walker Health Center
16169,Blue Route,FROM CAMPUS,TO CAMPUS,43.455397,-76.542766,Walker Health Center
16185,Blue Route,FROM CAMPUS,TO CAMPUS,43.456567,-76.540028,Rudolph St & Centennial Dr
16168,Blue Route,FROM CAMPUS,TO CAMPUS,43.456702,-76.539817,Rudolph St & Centennial Dr
9679,Blue Route,FROM CAMPUS,TO CAMPUS,43.453526,-76.537855,Washington Blvd & Baylis St
9682,Blue Route,FROM CAMPUS,TO CAMPUS,43.45364,-76.534901,Washington Blvd & Sheldon Ave
16164,Blue Route,FROM CAMPUS,TO CAMPUS,43.454939,-76.534832,Sheldon Ave & Takamine Rd
15521,Green Route,FROM CAMPUS,TO CAMPUS,43.453987,-76.540364,SUNY Oswego Campus Center
9679,Green Route,FROM CAMPUS,TO CAMPUS,43.453526,-76.537855,Washington Blvd & Baylis St
9682,Green Route,FROM CAMPUS,TO CAMPUS,43.45364,-76.534901,Washington Blvd & Sheldon Ave
9684,Green Route,FROM CAMPUS,TO CAMPUS,43.453708,-76.532555,Washington Blvd & Fifth Ave
16086,Green Route,FROM CAMPUS,TO CAMPUS,43.451854,-76.532274,5th Ave & Hwy 104
16160,Green Route,FROM CAMPUS,TO CAMPUS,43.450246,-76.534378,SUNY Oswego Romney Lot Shelter
15534,Green Route,FROM CAMPUS,TO CAMPUS,43.445334,-76.535549,SUNY Oswego Laker Hall
3581,Oswego - Syracuse,FROM OSWEGO,TO OSWEGO,43.456214,-76.512294,W Bridge St & W 2nd St
3590,Oswego - Syracuse,FROM OSWEGO,TO OSWEGO,43.457531,-76.507879,E Bridge St & E 1st St
3609,Oswego - Syracuse,FROM OSWEGO,TO OSWEGO,43.45516,-76.506368,E 1st St & E Mohawk St
3615,Oswego - Syracuse,FROM OSWEGO,TO OSWEGO,43.453961,-76.505681,E 1st St & E Utica St
3621,Oswego - Syracuse,FROM OSWEGO,TO OSWEGO,43.452726,-76.504994,E 1st St & E Albany St
3617,Oswego - Syracuse,FROM OSWEGO,TO OSWEGO,43.450472,-76.50326,E River Rd & Hubbard St
15774,Oswego - Syracuse,FROM OSWEGO,TO OSWEGO,43.442639,-76.490782,E River Rd & Woodridge
15775,Oswego - Syracuse,FROM OSWEGO,TO OSWEGO,43.431645,-76.482255,Hwy 481 & E River Rd
15776,Oswego - Syracuse,FROM OSWEGO,TO OSWEGO,43.429573,-76.478798,Hwy 481 & Churchill Rd
15777,Oswego - Syracuse,FROM OSWEGO,TO OSWEGO,43.413236,-76.46661,Hwy 481 & Dutch Ridge
15778,Oswego - Syracuse,FROM OSWEGO,TO OSWEGO,43.401599,-76.461587,Hwy 481 & CR 45
15779,Oswego - Syracuse,FROM OSWEGO,TO OSWEGO,43.383386,-76.446116,Hwy 481 & March Rd
15780,Oswego - Syracuse,FROM OSWEGO,TO OSWEGO,43.375925,-76.439808,Hwy 481 & CR 57
15781,Oswego - Syracuse,FROM OSWEGO,TO OSWEGO,43.367167,-76.432047,Hwy 481 & Chalone Rd
15782,Oswego - Syracuse,FROM OSWEGO,TO OSWEGO,43.360707,-76.427145,Hwy 481 & Van Buren Dr
15783,Oswego - Syracuse,FROM OSWEGO,TO OSWEGO,43.346729,-76.424184,Hwy 481
3484,Oswego - Syracuse,FROM OSWEGO,TO OSWEGO,43.335062,-76.414823,N 2nd St & N 1st St
3474,Oswego - Syracuse,FROM OSWEGO,TO OSWEGO,43.332087,-76.415571,N 2nd St & Shaw St
3462,Oswego - Syracuse,FROM OSWEGO,TO OSWEGO,43.330421,-76.416026,County Office Building
3449,Oswego - Syracuse,FROM OSWEGO,TO OSWEGO,43.325181,-76.41662,N 2nd St & Oneida St
17112,Oswego - Syracuse,FROM OSWEGO,TO OSWEGO,43.324446,-76.423346,Oneida St & W 1st St
15770,Oswego - Syracuse,FROM OSWEGO,TO OSWEGO,43.323131,-76.422636,W 1st St S & Schuyler St
15771,Oswego - Syracuse,FROM OSWEGO,TO OSWEGO,43.322137,-76.422027,W 1st St S & Hart St
15772,Oswego - Syracuse,FROM OSWEGO,TO OSWEGO,43.320911,-76.421293,W 1st St S & Phillips St
15713,Oswego - Syracuse,FROM OSWEGO,TO OSWEGO,43.317786,-76.433735,Phillips St & Edgarton Dr
15544,Oswego - Syracuse,FROM OSWEGO,TO OSWEGO,43.320416,-76.435973,Fulton Commons
17652,SY76,FROM HUB,TO HUB,43.043746,-76.151481,B13
102,SY76,FROM HUB,TO HUB,43.047059,-76.152205,S Salina St & Jefferson St
6604,SY76,FROM HUB,TO HUB,43.049564,-76.150906,E Washington St & S Warren St
6628,SY76,FROM HUB,TO HUB,43.049499,-76.14745,E Washington St & S State St
6635,SY76,FROM HUB,TO HUB,43.049507,-76.145797,E Washington St & S Townsend St
14398,SY76,FROM HUB,TO HUB,43.048021,-76.145614,E Genesee St & S Townsend St
2141,SY76,FROM HUB,TO HUB,43.047383,-76.142838,E Genesee St & Almond St
2145,SY76,FROM HUB,TO HUB,43.046933,-76.140297,E Genesee St & Forman Ave
2149,SY76,FROM HUB,TO HUB,43.046967,-76.137903,E Genesee St & Irving Ave
2153,SY76,FROM HUB,TO HUB,43.046859,-76.136681,E Genesee St & S Crouse Ave
2157,SY76,FROM HUB,TO HUB,43.046857,-76.134423,E Genesee St & University Ave
2163,SY76,FROM HUB,TO HUB,43.046899,-76.132239,E Genesee St & Walnut Ave
7989,SY76,FROM HUB,TO HUB,43.046933,-76.129919,E Genesee St & Pine St
2175,SY76,FROM HUB,TO HUB,43.046987,-76.129684,E Genesee St & Pine St
2182,SY76,FROM HUB,TO HUB,43.047038,-76.127549,E Genesee St & S Beech St
11185,SY76,FROM HUB,TO HUB,43.047003,-76.127784,E Genesee St & Beech St
2184,SY76,FROM HUB,TO HUB,43.047019,-76.125686,E Genesee St & Maple St
2186,SY76,FROM HUB,TO HUB,43.047072,-76.125451,E Genesee St & Maple St
2192,SY76,FROM HUB,TO HUB,43.046865,-76.123379,E Genesee St & Cherry St
2201,SY76,FROM HUB,TO HUB,43.046533,-76.122639,E Genesee St & Bassett St
2199,SY76,FROM HUB,TO HUB,43.046559,-76.122552,E Genesee St & Bassett St
2205,SY76,FROM HUB,TO HUB,43.04603,-76.121356,E Genesee St & Columbus Ave
2214,SY76,FROM HUB,TO HUB,43.04559,-76.119605,E Genesee St & Westcott St
1635,SY76,FROM HUB,TO HUB,43.045536,-76.119778,E Genesee St & Westcott St
2215,SY76,FROM HUB,TO HUB,43.045597,-76.118038,E Genesee St & Cambridge St
2228,SY76,FROM HUB,TO HUB,43.04556,-76.116767,E Genesee St & Allen St
9150,SY76,FROM HUB,TO HUB,43.045442,-76.115644,E Genesee St & Fellows Ave
1718,SY76,FROM HUB,TO HUB,43.045262,-76.114398,E Genesee St & Westmoreland Ave
2172,SY76,FROM HUB,TO HUB,43.045091,-76.113325,E Genesee St & Ellis St
5530,SY76,FROM HUB,TO HUB,43.045044,-76.111227,Salt Springs Rd & Bruce St
5540,SY76,FROM HUB,TO HUB,43.0454,-76.109006,Salt Springs Rd & Genesee Park Dr
5551,SY76,FROM HUB,TO HUB,43.045605,-76.107845,Salt Springs Rd & Beattie St
7619,SY76,FROM HUB,TO HUB,43.045934,-76.105747,Salt Springs Rd & East Ave
11309,SY76,FROM HUB,TO HUB,43.046424,-76.103537,Seeley Rd & Salt Springs Rd
8432,SY76,FROM HUB,TO HUB,43.04782,-76.103657,Seeley Rd & Niven St
8431,SY76,FROM HUB,TO HUB,43.048984,-76.103556,Fayette Blvd & Seeley Rd
8430,SY76,FROM HUB,TO HUB,43.049159,-76.100101,Fayette Blvd & Ball Av
8429,SY76,FROM HUB,TO HUB,43.04929,-76.097509,Fayette Blvd & Salisbury Park Dr
8428,SY76,FROM HUB,TO HUB,43.049352,-76.096225,Fayette Blvd & Melbourne Av
8427,SY76,FROM HUB,TO HUB,43.049449,-76.094855,Fayette Blvd & Audubon Pky
8426,SY76,FROM HUB,TO HUB,43.049537,-76.09351,Fayette Blvd & Foxboro Rd
14399,SY76,FROM HUB,TO HUB,43.049499,-76.092313,Springfield Rd & Fayette Blvd
8425,SY76,FROM HUB,TO HUB,43.05127,-76.090408,Springfield Rd & Smith St
8424,SY76,FROM HUB,TO HUB,43.051392,-76.088323,Springfield Rd & Caton Dr
8423,SY76,FROM HUB,TO HUB,43.051506,-76.086126,Springfield Rd & Caton Dr
8422,SY76,FROM HUB,TO HUB,43.051681,-76.082633,Springfield Rd & Masters Rd
22,SY76,FROM HUB,TO HUB,43.05166,-76.080436,Thompson Rd & Springfield Rd
8419,SY76,FROM HUB,TO HUB,43.04759,-76.076189,Thompson Rd & Orrick Rd
1740,SY76,FROM HUB,TO HUB,43.046532,-76.075118,Thompson Rd & Radcliffe Rd
5734,SY76,FROM HUB,TO HUB,43.044766,-76.072617,Thompson Rd & Stanton Rd
5739,SY76,FROM HUB,TO HUB,43.044164,-76.070965,Thompson Rd & Gregory Pkwy
1760,SY76,FROM HUB,TO HUB,43.042656,-76.068538,Kinne Rd & Thompson Rd
18235,SY76,FROM HUB,TO HUB,43.044715,-76.068508,Erie Blvd E & Erie Canal Plaza
17872,SY76,FROM HUB,TO HUB,43.051468,-76.070169,Bridge St & Celi Dr
18279,SY76,FROM HUB,TO HUB,43.0528,-76.068672,Bridge St & Widewaters Pkwy
8149,SY76,FROM HUB,TO HUB,43.053074,-76.066426,Widewaters Pkwy & Bridge St
2691,SY76,FROM HUB,TO HUB,43.05192,-76.060949,Widewaters Pkwy & Towpath Rd
8154,SY76,FROM HUB,TO HUB,43.049233,-76.059858,Widewaters Pkwy & 5793 Widewaters
8155,SY76,FROM HUB,TO HUB,43.048277,-76.060885,Widewaters Pkwy & 5792 Widewaters
8156,SY76,FROM HUB,TO HUB,43.047993,-76.062613,Widewaters Pkwy & Elevate Fitness
8157,SY76,FROM HUB,TO HUB,43.045908,-76.063532,5784 Widewaters Pkwy
12010,SY76,FROM HUB,TO HUB,43.04342,-76.064119,Widewaters Pkwy & Kinne Rd
8444,SY76,FROM HUB,TO HUB,43.042814,-76.065922,Kinne Rd & Erie Blvd E
51,SY40,FROM HUB,TO HUB,42.996453,-76.130449,Nob Hill Apts Building #4
8395,SY40,FROM HUB,TO HUB,42.996659,-76.130941,LaFayette Rd & 218 LaFayette Rd
8394,SY40,FROM HUB,TO HUB,43.000803,-76.130182,LaFayette Rd & 104 Lafayette Rd
5017,SY40,FROM HUB,TO HUB,43.001348,-76.129306,E Seneca Tpke & Lafayette Rd
11083,SY40,FROM HUB,TO HUB,43.003381,-76.130104,E Brighton Ave & Intrepid La
8368,SY40,FROM HUB,TO HUB,43.009596,-76.133016,E Brighton Ave & E Glen Ave
11082,SY40,FROM HUB,TO HUB,43.013824,-76.135476,E Brighton Ave & Ivy Ridge Rd
11084,SY40,FROM HUB,TO HUB,43.012722,-76.1348,E Brighton Ave & Ball Cir
8379,SY40,FROM HUB,TO HUB,43.015113,-76.136177,474 E Brighton Ave
6082,SY40,FROM HUB,TO HUB,43.018112,-76.135679,Thurber St & Stevens Pl
10124,SY40,FROM HUB,TO HUB,43.018584,-76.133223,Thurber St & Alden St
1649,SY40,FROM HUB,TO HUB,43.019128,-76.131015,Jamesville Ave & Thurber St
6063,SY40,FROM HUB,TO HUB,43.021538,-76.133108,Jamesville Ave & Smith Ln
8393,SY40,FROM HUB,TO HUB,43.02221,-76.133686,Jamesville Ave & Percy Hughes School
8378,SY40,FROM HUB,TO HUB,43.02316,-76.13456,Jamesville Av & Mount St James
8392,SY40,FROM HUB,TO HUB,43.025336,-76.135568,Jamesville Ave & 238 Jamesville Ave
1639,SY40,FROM HUB,TO HUB,43.026213,-76.135431,E Colvin St & Jamesville Ave
5975,SY40,FROM HUB,TO HUB,43.02536,-76.13246,E Colvin St & N Lorraine Ave
5971,SY40,FROM HUB,TO HUB,43.024921,-76.131326,E Colvin St & Robert Dr
8377,SY40,FROM HUB,TO HUB,43.025286,-76.128821,Comstock Av & Comstock Lot
10471,SY40,FROM HUB,TO HUB,43.032323,-76.129475,Oakwood
11937,SY40,FROM HUB,TO HUB,43.034086,-76.12962,Comstock Ave & Stratford St
3715,SY40,FROM HUB,TO HUB,43.020419,-76.10533,Drumlins
5567,SY40,FROM HUB,TO HUB,43.020923,-76.107562,Nottingham Rd & Halton Rd
11940,SY40,FROM HUB,TO HUB,43.020905,-76.107821,Nottingham Rd & Halton Rd
5562,SY40,FROM HUB,TO HUB,43.022546,-76.11026,Nottingham Rd & E Colvin St
5564,SY40,FROM HUB,TO HUB,43.022564,-76.110384,Nottingham Rd & E Colvin St
5555,SY40,FROM HUB,TO HUB,43.023227,-76.111073,Nottingham Rd & Lewiston Dr
5552,SY40,FROM HUB,TO HUB,43.025967,-76.111327,Nottingham Rd & Sherman St
5550,SY40,FROM HUB,TO HUB,43.02594,-76.11124,Nottingham Rd & Sherman St
5543,SY40,FROM HUB,TO HUB,43.027175,-76.111361,Nottingham Rd & Tecumseh Rd
5537,SY40,FROM HUB,TO HUB,43.027319,-76.111435,Nottingham Rd & Tecumseh Rd
5528,SY40,FROM HUB,TO HUB,43.029351,-76.111542,Nottingham Rd & Spaid Ave
11619,SY40,FROM HUB,TO HUB,43.029378,-76.111641,Nottingham Rd & Spaid Ave
8237,SY40,FROM HUB,TO HUB,43.030676,-76.111638,Nottingham Rd & Broad St
11618,SY40,FROM HUB,TO HUB,43.030819,-76.111712,Nottingham Rd & Broad St
8272,SY40,FROM HUB,TO HUB,43.032851,-76.111585,Meadowbrook Dr & Dakota Ave
10458,SY40,FROM HUB,TO HUB,43.034829,-76.111112,Meadowbrook Dr & Montana St
11944,SY40,FROM HUB,TO HUB,43.034919,-76.111531,Montana St & Meadowbrook Dr
8253,SY40,FROM HUB,TO HUB,43.034956,-76.112481,Montana St & Cumberland Ave
8263,SY40,FROM HUB,TO HUB,43.034885,-76.112876,Montana St & Cumberland Ave
8254,SY40,FROM HUB,TO HUB,43.034912,-76.113604,Montana St & Westmoreland Ave
8262,SY40,FROM HUB,TO HUB,43.034823,-76.113974,Montana St & Westmoreland Ave
8255,SY40,FROM HUB,TO HUB,43.03486,-76.114764,Montana St & Fellows Ave
10739,SY40,FROM HUB,TO HUB,43.034753,-76.114974,Fellows Ave & Montana St
17852,SY40,FROM HUB,TO HUB,43.03272,-76.114867,Fellows Ave & Dakota St
16958,SY40,FROM HUB,TO HUB,43.032613,-76.114817,Fellows Ave & Dakota St
11954,SY40,FROM HUB,TO HUB,43.031557,-76.114795,Fellows Ave & Meadowbrook Dr
10738,SY40,FROM HUB,TO HUB,43.031154,-76.114684,Fellows Ave & Meadowbrook Dr
11955,SY40,FROM HUB,TO HUB,43.03076,-76.114772,Fellows Ave & Broad St
8240,SY40,FROM HUB,TO HUB,43.030591,-76.115759,Broad St & Meadowbrook Dr
10736,SY40,FROM HUB,TO HUB,43.030528,-76.116104,Broad St & Meadowbrook Dr
11956,SY40,FROM HUB,TO HUB,43.03052,-76.117054,Broad St & Roosevelt Ave
5968,SY40,FROM HUB,TO HUB,43.03045,-76.118313,Broad St & Westcott St
5966,SY40,FROM HUB,TO HUB,43.030405,-76.11856,Broad St & Westcott St
18230,SY40,FROM HUB,TO HUB,43.030389,-76.119707,Broad St & Kensington Pl
10735,SY40,FROM HUB,TO HUB,43.030335,-76.119917,Broad St & Kensington Pl
18231,SY40,FROM HUB,TO HUB,43.030345,-76.121052,Broad St & Buckingham Ave
10734,SY40,FROM HUB,TO HUB,43.030265,-76.121385,Broad St & Buckingham Ave
18232,SY40,FROM HUB,TO HUB,43.030275,-76.122273,Broad St & Lancaster Ave
6027,SY40,FROM HUB,TO HUB,43.030311,-76.122619,Lancaster Ave & Broad St
6030,SY40,FROM HUB,TO HUB,43.032057,-76.122739,Lancaster Ave & Kensington Rd
6032,SY40,FROM HUB,TO HUB,43.032245,-76.1228,Lancaster Ave & Kensington Rd
6040,SY40,FROM HUB,TO HUB,43.034232,-76.122908,Lancaster Ave & Stratford St
6042,SY40,FROM HUB,TO HUB,43.034411,-76.122994,Lancaster Ave & Stratford St
5478,SY40,FROM HUB,TO HUB,43.036488,-76.123151,Lancaster Ave & Euclid Ave
5475,SY40,FROM HUB,TO HUB,43.036587,-76.123348,Euclid Ave & Lancaster Ave
5468,SY40,FROM HUB,TO HUB,43.036579,-76.124236,Euclid Ave & Ackerman Ave
5473,SY40,FROM HUB,TO HUB,43.036517,-76.124471,Euclid Ave & Ackerman Ave
5462,SY40,FROM HUB,TO HUB,43.036518,-76.125495,Euclid Ave & Sumner Ave
5464,SY40,FROM HUB,TO HUB,43.036464,-76.125729,Euclid Ave & Sumner Ave
5458,SY40,FROM HUB,TO HUB,43.036465,-76.12679,Euclid Ave & Livingston Ave
5459,SY40,FROM HUB,TO HUB,43.036403,-76.127025,Euclid Ave & Livingston Ave
7992,SY40,FROM HUB,TO HUB,43.036403,-76.128024,Euclid Ave & Ostrom Ave
7998,SY40,FROM HUB,TO HUB,43.036341,-76.128271,Euclid Ave & Ostrom Ave
1683,SY40,FROM HUB,TO HUB,43.037203,-76.131502,College Place
10091,SY40,FROM HUB,TO HUB,43.038116,-76.131476,College Place
18087,SY40,FROM HUB,TO HUB,43.040509,-76.134322,Waverly Ave & University Ave
18088,SY40,FROM HUB,TO HUB,43.040599,-76.134692,Waverly Ave & University Ave
10102,SY40,FROM HUB,TO HUB,43.04052,-76.136815,Waverly Ave & S Crouse Ave
8259,SY40,FROM HUB,TO HUB,43.041541,-76.136628,S Crouse Ave & Marshall St
6853,SY40,FROM HUB,TO HUB,43.042579,-76.136602,S Crouse Ave & E Adams St
5445,SY40,FROM HUB,TO HUB,43.043511,-76.137859,Irving Ave & E Adams St
6754,SY40,FROM HUB,TO HUB,43.044254,-76.13692,Harrison St & S Crouse Ave
6747,SY40,FROM HUB,TO HUB,43.044219,-76.137956,Harrison St & Irving Ave
5441,SY40,FROM HUB,TO HUB,43.044282,-76.139079,Harrison St & Elizabeth Blackwell St
5442,SY40,FROM HUB,TO HUB,43.044238,-76.139363,Harrison St & Elizabeth Blackwell St
10138,SY40,FROM HUB,TO HUB,43.044373,-76.140276,Harrison St & Sarah Loguen St
10121,SY40,FROM HUB,TO HUB,43.043039,-76.140451,Sarah Loguen Bus Shelter
10561,SY40,FROM HUB,TO HUB,43.04272,-76.144116,E Adams St & S McBride St
5427,SY40,FROM HUB,TO HUB,43.044314,-76.14499,Harrison St & S Townsend St
6055,SY40,FROM HUB,TO HUB,43.042703,-76.145856,E Adams St & S Townsend St
5418,SY40,FROM HUB,TO HUB,43.044344,-76.148716,Harrison St & Montgomery St
17655,SY40,FROM HUB,TO HUB,43.043405,-76.15126,B16
17657,SY40,FROM HUB,TO HUB,43.043047,-76.15126,B18
18023,SY74,FROM HUB,TO HUB,43.057592,-76.269624,Township 5
8638,SY74,FROM HUB,TO HUB,43.052436,-76.265377,Milton Ave & Hinsdale Rd
17878,SY74,FROM HUB,TO HUB,43.052392,-76.2626,Milton Ave & Home Depot Entrance
17877,SY74,FROM HUB,TO HUB,43.052338,-76.261526,Milton Ave & 3711 Milton Ave
8651,SY74,FROM HUB,TO HUB,43.052294,-76.259379,Milton Ave & Queens Way
8656,SY74,FROM HUB,TO HUB,43.052339,-76.259021,Milton Ave & Queens Way
8655,SY74,FROM HUB,TO HUB,43.052303,-76.25696,Milton Ave & Oak Crest Courtyard
14481,SY74,FROM HUB,TO HUB,43.052267,-76.257232,Milton Ave & Oak Crest Courtyard
8653,SY74,FROM HUB,TO HUB,43.052232,-76.255664,Milton Ave & Gordon Pkwy
14474,SY74,FROM HUB,TO HUB,43.052276,-76.255418,Milton Ave & Gordon Pkwy
12685,SY74,FROM HUB,TO HUB,43.052169,-76.252172,Milton Ave & Gordon Pky
8636,SY74,FROM HUB,TO HUB,43.052214,-76.251863,Milton Ave & Gordon Pkwy
4777,SY74,FROM HUB,TO HUB,43.052205,-76.250679,Milton Ave & Male Ave
4775,SY74,FROM HUB,TO HUB,43.052142,-76.249482,Milton Ave & Dora Ave
4772,SY74,FROM HUB,TO HUB,43.052196,-76.249198,Milton Ave & Dora Ave
12684,SY74,FROM HUB,TO HUB,43.052124,-76.248013,Milton Ave & Makay Ave
14475,SY74,FROM HUB,TO HUB,43.052169,-76.247729,Milton Ave & Mackay Ave
4765,SY74,FROM HUB,TO HUB,43.052151,-76.246643,Milton Ave & Germania Ave
4769,SY74,FROM HUB,TO HUB,43.052098,-76.246927,Milton Ave & Germania Ave
4763,SY74,FROM HUB,TO HUB,43.052089,-76.245927,Milton Ave & Scott Ave
4761,SY74,FROM HUB,TO HUB,43.052142,-76.245656,Milton Ave & Scott Ave
4743,SY74,FROM HUB,TO HUB,43.052071,-76.244891,Milton Ave & Gillespie Ave
4742,SY74,FROM HUB,TO HUB,43.052124,-76.244656,Milton Ave & Gillespie Ave
4740,SY74,FROM HUB,TO HUB,43.052071,-76.243916,Milton Ave & Melrose Ave
4739,SY74,FROM HUB,TO HUB,43.052115,-76.243669,Milton Ave & Melrose Ave
4736,SY74,FROM HUB,TO HUB,43.051408,-76.240164,Milton Ave & Sawyer St
4734,SY74,FROM HUB,TO HUB,43.05173,-76.239362,Milton Ave & Cotton St
4733,SY74,FROM HUB,TO HUB,43.051873,-76.239177,Milton Ave & Cotton St
4731,SY74,FROM HUB,TO HUB,43.052992,-76.236955,Milton Ave & Jones St
4730,SY74,FROM HUB,TO HUB,43.053154,-76.236807,Milton Ave & Jones St
14480,SY74,FROM HUB,TO HUB,43.054639,-76.234512,Milton Ave & Box Car Ln
14476,SY74,FROM HUB,TO HUB,43.054693,-76.234512,Milton AVe & Box Car Ln
8565,SY74,FROM HUB,TO HUB,43.05609,-76.232487,Milton Ave & Horan Rd
8568,SY74,FROM HUB,TO HUB,43.056627,-76.231636,Milton Ave & Brooks St
4723,SY74,FROM HUB,TO HUB,43.056645,-76.231697,Milton Ave & Brook St
10216,SY74,FROM HUB,TO HUB,43.057835,-76.229994,Milton Ave & Bailey St
1149,SY74,FROM HUB,TO HUB,43.058014,-76.229698,Milton Ave & Bailey St
4722,SY74,FROM HUB,TO HUB,43.059151,-76.228056,Case St & Milton Ave
4720,SY74,FROM HUB,TO HUB,43.059267,-76.228056,Milton Ave & Case St
4718,SY74,FROM HUB,TO HUB,43.06044,-76.226204,Milton Ave & Darrow Ave
4717,SY74,FROM HUB,TO HUB,43.060538,-76.226142,Milton Ave & Darrow Ave
4715,SY74,FROM HUB,TO HUB,43.061191,-76.224463,Milton Ave & Lionel Ave
4714,SY74,FROM HUB,TO HUB,43.061281,-76.22434,Milton Ave & Lionel Ave
4712,SY74,FROM HUB,TO HUB,43.061406,-76.223575,Milton Ave & Abell Ave
4711,SY74,FROM HUB,TO HUB,43.061478,-76.223439,Milton Ave & Abell Ave
4709,SY74,FROM HUB,TO HUB,43.061567,-76.222637,Milton Ave & Franklin Ave
4705,SY74,FROM HUB,TO HUB,43.061665,-76.221748,Milton Ave & Boyd Ave
4704,SY74,FROM HUB,TO HUB,43.061728,-76.221526,Milton Ave & Boyd Ave
4702,SY74,FROM HUB,TO HUB,43.061755,-76.220921,Milton Ave & Center St
8525,SY74,FROM HUB,TO HUB,43.061978,-76.21923,Milton Ave & China Towne
1157,SY74,FROM HUB,TO HUB,43.061969,-76.218884,Milton Ave & Cogswell Ave
12671,SY74,FROM HUB,TO HUB,43.061889,-76.218699,Cogswell Ave & Milton Ave
4602,SY74,FROM HUB,TO HUB,43.061208,-76.218724,Cogswell Ave & 1st St
4607,SY74,FROM HUB,TO HUB,43.060349,-76.218589,Cogswell Ave & 2nd St
4606,SY74,FROM HUB,TO HUB,43.060537,-76.218675,Cogswell Ave & 2nd St
14468,SY74,FROM HUB,TO HUB,43.059776,-76.218441,3rd St & Cogswell Ave
8524,SY74,FROM HUB,TO HUB,43.059892,-76.217404,3rd St & King Ave
8527,SY74,FROM HUB,TO HUB,43.060017,-76.215664,3rd St & Gertrude Ave
8522,SY74,FROM HUB,TO HUB,43.06007,-76.215417,3rd St & Gertrude Ave
8528,SY74,FROM HUB,TO HUB,43.060133,-76.214257,3rd St & Stanton Ave
8521,SY74,FROM HUB,TO HUB,43.060195,-76.214034,3rd St & Stanton Ave
1104,SY74,FROM HUB,TO HUB,43.060267,-76.212973,3rd St & Woods Rd
1180,SY74,FROM HUB,TO HUB,43.060222,-76.2128,Woods Rd & 3rd St
8529,SY74,FROM HUB,TO HUB,43.059667,-76.212751,Woods Rd & 4th St
8531,SY74,FROM HUB,TO HUB,43.058162,-76.210802,Woods Rd & Barclay St
8519,SY74,FROM HUB,TO HUB,43.057992,-76.210296,Woods Rd & Barclay St
8532,SY74,FROM HUB,TO HUB,43.058072,-76.207679,Woods Rd & N Orchard Rd
8518,SY74,FROM HUB,TO HUB,43.058126,-76.207457,Woods Rd & N Orchard Rd
8517,SY74,FROM HUB,TO HUB,43.058188,-76.206062,Woods Rd & Boulder Rd
8534,SY74,FROM HUB,TO HUB,43.058161,-76.205581,Woods Rd & Summit Ave
8516,SY74,FROM HUB,TO HUB,43.058089,-76.2051,Woods Rd & Summit Ave
8535,SY74,FROM HUB,TO HUB,43.057767,-76.204532,Woods Rd & Lamont Ave
8515,SY74,FROM HUB,TO HUB,43.057587,-76.204039,Woods Rd & Lamont Ave
8536,SY74,FROM HUB,TO HUB,43.056674,-76.202805,Woods Rd & Freeman Ave
14472,SY74,FROM HUB,TO HUB,43.056575,-76.202546,Woods Rd & Freeman Ave
8514,SY74,FROM HUB,TO HUB,43.055993,-76.201349,Woods Rd & Caroline Ave
8537,SY74,FROM HUB,TO HUB,43.055993,-76.200448,Woods Rd & Charles Ave
8513,SY74,FROM HUB,TO HUB,43.056055,-76.200164,Chemung St & Charles Ave
1205,SY74,FROM HUB,TO HUB,43.05669,-76.197918,Chemung St & Avery Ave
1208,SY74,FROM HUB,TO HUB,43.05669,-76.197708,Avery Ave & Chemung St
8538,SY74,FROM HUB,TO HUB,43.055356,-76.196857,Avery Ave & Essex St
8512,SY74,FROM HUB,TO HUB,43.055212,-76.196685,Avery Ave & Essex St
8511,SY74,FROM HUB,TO HUB,43.053502,-76.195464,Avery Ave & Driscoll Ave
8539,SY74,FROM HUB,TO HUB,43.053645,-76.195637,Avery Ave & Driscoll Ave
8540,SY74,FROM HUB,TO HUB,43.05249,-76.194836,Avery Ave & Herkimer St
8510,SY74,FROM HUB,TO HUB,43.052329,-76.194638,Avery Ave & Herkimer St
8541,SY74,FROM HUB,TO HUB,43.051487,-76.194121,Avery Ave & Erie St
8509,SY74,FROM HUB,TO HUB,43.051308,-76.193923,Avery Ave & Erie St
8542,SY74,FROM HUB,TO HUB,43.049553,-76.192752,Avery Ave & Cayuga St
8508,SY74,FROM HUB,TO HUB,43.049382,-76.192543,Avery Ave & Cayuga St
8543,SY74,FROM HUB,TO HUB,43.048603,-76.192074,Avery Ave & Hamilton St
8507,SY74,FROM HUB,TO HUB,43.048415,-76.191865,Avery Ave & Hamilton St
8544,SY74,FROM HUB,TO HUB,43.047592,-76.191372,Avery Ave & Schuyler St
8506,SY74,FROM HUB,TO HUB,43.047439,-76.191199,Avery Ave & Schuyler Ave
8545,SY74,FROM HUB,TO HUB,43.046383,-76.190521,Avery Ave & Ulster St
8505,SY74,FROM HUB,TO HUB,43.04623,-76.190336,Avery Ave & Ulster St
1211,SY74,FROM HUB,TO HUB,43.045165,-76.189671,Avery Ave & Tompkins St
1222,SY74,FROM HUB,TO HUB,43.045156,-76.189424,Tompkins St & Avery Ave
11251,SY74,FROM HUB,TO HUB,43.045773,-76.187647,Tompkins St & Willis Ave
14470,SY74,FROM HUB,TO HUB,43.045916,-76.187412,Tompkins St & Willis Ave
11252,SY74,FROM HUB,TO HUB,43.046497,-76.185709,Tompkins St & Milton Ave
8474,SY74,FROM HUB,TO HUB,43.046649,-76.185425,Tompkins St & Milton Av
11253,SY74,FROM HUB,TO HUB,43.047355,-76.183425,Tompkins St & Emerson Ave
4383,SY74,FROM HUB,TO HUB,43.04748,-76.183252,Tompkins St & Emerson Ave
8494,SY74,FROM HUB,TO HUB,43.047892,-76.182005,Tompkins St & S Lowell Ave
8486,SY74,FROM HUB,TO HUB,43.048062,-76.181672,Tompkins St & N Lowell Ave
4239,SY74,FROM HUB,TO HUB,43.048078,-76.179574,S Wilbur Ave & Tennyson Ave
14478,SY74,FROM HUB,TO HUB,43.047953,-76.179364,S Wilbur Ave & Tennyson Ave
1356,SY74,FROM HUB,TO HUB,43.047451,-76.178958,S Wilbur Ave & Bryant Ave
10994,SY74,FROM HUB,TO HUB,43.046815,-76.178317,S Wilbur Ave & Whittier Ave
4242,SY74,FROM HUB,TO HUB,43.046,-76.17754,S Wilbur Ave & Coleridge Ave
11543,SY74,FROM HUB,TO HUB,43.045893,-76.177343,S Wilbur Ave & Coleridge Ave
8550,SY74,FROM HUB,TO HUB,43.045149,-76.176714,S Wilbur Ave & Conservation Pl
11542,SY74,FROM HUB,TO HUB,43.045006,-76.17648,S Wilbur Ave & Conservation Pl
4314,SY74,FROM HUB,TO HUB,43.044057,-76.175666,S Wilbur Ave & W Marcellus St
4345,SY74,FROM HUB,TO HUB,43.043949,-76.175457,S Wilbur Ave & W Marcellus St
1390,SY74,FROM HUB,TO HUB,43.041862,-76.173793,Seymour St & S Wilbur Ave
4180,SY74,FROM HUB,TO HUB,43.04281,-76.171275,S Geddes St & Gifford St
4170,SY74,FROM HUB,TO HUB,43.042926,-76.171164,Gifford St & S Geddes St
18025,SY74,FROM HUB,TO HUB,43.043005,-76.167721,Gifford St & Ontario St
11223,SY74,FROM HUB,TO HUB,43.043094,-76.167523,Gifford St & Ontario St
5336,SY74,FROM HUB,TO HUB,43.043146,-76.164587,Gifford St & Oswego St
5327,SY74,FROM HUB,TO HUB,43.043226,-76.163957,Gifford St & Oswego St
8457,SY74,FROM HUB,TO HUB,43.043305,-76.161761,Gifford St & Saint Lucy's Church
8464,SY74,FROM HUB,TO HUB,43.043278,-76.161798,Gifford St & Saint Lucy's Church
5353,SY74,FROM HUB,TO HUB,43.043287,-76.160601,Gifford St & Niagara St
5357,SY74,FROM HUB,TO HUB,43.043421,-76.160304,Gifford St & Niagara St
5361,SY74,FROM HUB,TO HUB,43.043447,-76.15907,Gifford St & Wyoming St
5359,SY74,FROM HUB,TO HUB,43.043437,-76.158268,Gifford St & West St
17675,SY74,FROM HUB,TO HUB,43.042719,-76.15574,Seymour St & Granger St
17674,SY74,FROM HUB,TO HUB,43.042387,-76.153643,W Adams St & Oneida St
17650,SY74,FROM HUB,TO HUB,43.043549,-76.151469,B11
17654,SY74,FROM HUB,TO HUB,43.043567,-76.151259,B15
17654,SY80,FROM HUB,TO HUB,43.043567,-76.151259,B15
17650,SY80,FROM HUB,TO HUB,43.043549,-76.151469,B11
102,SY80,FROM HUB,TO HUB,43.047059,-76.152205,S Salina St & Jefferson St
7987,SY80,FROM HUB,TO HUB,43.046871,-76.152279,S Salina St & W Jefferson St
17670,SY80,FROM HUB,TO HUB,43.049816,-76.152176,S Salina St & Water St (mid-block)
99,SY80,FROM HUB,TO HUB,43.049709,-76.152238,S Salina St & Washington St
174,SY80,FROM HUB,TO HUB,43.051401,-76.152211,N Salina St & W Genesee St
423,SY80,FROM HUB,TO HUB,43.051265,-76.150854,James St & N Warren St
180,SY80,FROM HUB,TO HUB,43.052394,-76.151975,E Willow St & N Salina St
426,SY80,FROM HUB,TO HUB,43.052508,-76.14826,James St & N State St
420,SY80,FROM HUB,TO HUB,43.05249,-76.148199,James St & N State St
421,SY80,FROM HUB,TO HUB,43.0535,-76.146112,James St & N Townsend St
425,SY80,FROM HUB,TO HUB,43.05367,-76.145902,James St & N Townsend St
442,SY80,FROM HUB,TO HUB,43.054215,-76.144654,James St & N McBride St
431,SY80,FROM HUB,TO HUB,43.054376,-76.144469,James St & N McBride St
432,SY80,FROM HUB,TO HUB,43.055055,-76.142962,James St & Catherine St
10928,SY80,FROM HUB,TO HUB,43.055082,-76.143012,James St & Catherine St
14776,SY80,FROM HUB,TO HUB,43.056253,-76.140517,James St & Lodi St
438,SY80,FROM HUB,TO HUB,43.05628,-76.140591,James St & Lodi St
443,SY80,FROM HUB,TO HUB,43.05729,-76.138553,James St & Highland St
5088,SY80,FROM HUB,TO HUB,43.058157,-76.136626,960 James St
6678,SY80,FROM HUB,TO HUB,43.058559,-76.135959,James St & Bryant and Stratton College
447,SY80,FROM HUB,TO HUB,43.05931,-76.134477,James St & Oak St
14916,SY80,FROM HUB,TO HUB,43.059408,-76.134699,Oak St & James St
10726,SY80,FROM HUB,TO HUB,43.06086,-76.135918,Oak St & Highland Ave
10800,SY80,FROM HUB,TO HUB,43.060734,-76.135832,Oak St & Highland Ave
10724,SY80,FROM HUB,TO HUB,43.062435,-76.136039,Oak St & Jasper St
10802,SY80,FROM HUB,TO HUB,43.063205,-76.13605,Oak St & Park St
17639,SY80,FROM HUB,TO HUB,43.063223,-76.136272,Park St & Oak St
14901,SY80,FROM HUB,TO HUB,43.063251,-76.137149,Park St & Whitwell Dr
17638,SY80,FROM HUB,TO HUB,43.06318,-76.137334,Park St & Whitwell Dr
14902,SY80,FROM HUB,TO HUB,43.063207,-76.138395,Park St & Merz Ave
17637,SY80,FROM HUB,TO HUB,43.063118,-76.138519,Park St & Merz Ave
17636,SY80,FROM HUB,TO HUB,43.063074,-76.139544,Park St & Grumbach Ave
14904,SY80,FROM HUB,TO HUB,43.063102,-76.140346,Park St & Hier Ave
14906,SY80,FROM HUB,TO HUB,43.062943,-76.143876,Park St & Butternut St
14905,SY80,FROM HUB,TO HUB,43.06304,-76.141358,Park St & Highland St
17634,SY80,FROM HUB,TO HUB,43.062977,-76.141556,Park St & Highland St
7032,SY80,FROM HUB,TO HUB,43.064017,-76.143307,Butternut St & Carbon St
7027,SY80,FROM HUB,TO HUB,43.064035,-76.143368,Butternut St & S Carbon St
13230,SY80,FROM HUB,TO HUB,43.066309,-76.143316,Butternut St & Knaul St
8401,SY80,FROM HUB,TO HUB,43.066506,-76.143377,Butternut St & Grassman Av
1125,SY80,FROM HUB,TO HUB,43.067186,-76.143314,Butternut St & 1st North St
1127,SY80,FROM HUB,TO HUB,43.06724,-76.143376,Butternut St & 1st North St
7016,SY80,FROM HUB,TO HUB,43.068314,-76.14335,Butternut St & Griffith St
6662,SY80,FROM HUB,TO HUB,43.068646,-76.143287,Butternut St & Hartley St
10815,SY80,FROM HUB,TO HUB,43.06972,-76.143347,Butternut St & 3rd Ave
6659,SY80,FROM HUB,TO HUB,43.069738,-76.143273,Butternut St & 3rd Ave
6653,SY80,FROM HUB,TO HUB,43.070338,-76.143272,Butternut St & Williston Ave
6655,SY80,FROM HUB,TO HUB,43.070848,-76.143087,Butternut St & Saile St
6646,SY80,FROM HUB,TO HUB,43.07117,-76.143037,Butternut St & Warham St
7862,SY80,FROM HUB,TO HUB,43.071922,-76.142776,Butternut St & Grant Blvd
8400,SY80,FROM HUB,TO HUB,43.072208,-76.142751,Butternut St & Grant Blvd
8397,SY80,FROM HUB,TO HUB,43.072145,-76.141714,Grant Blvd & Highland St
6361,SY80,FROM HUB,TO HUB,43.072207,-76.141109,Grant Blvd & Greenland Dr
11470,SY80,FROM HUB,TO HUB,43.072206,-76.140196,Grant Blvd & Worden Ave
6364,SY80,FROM HUB,TO HUB,43.072269,-76.139961,Grant Blvd & Worden Ave
6368,SY80,FROM HUB,TO HUB,43.072277,-76.139146,Grant Blvd & Wadsworth St
6367,SY80,FROM HUB,TO HUB,43.072322,-76.138924,Grant Blvd & Wadsworth St
6372,SY80,FROM HUB,TO HUB,43.072312,-76.137974,Grant Blvd & Woodruff Ave
6371,SY80,FROM HUB,TO HUB,43.072357,-76.137961,Grant Blvd & Woodruff Ave
6375,SY80,FROM HUB,TO HUB,43.072401,-76.137023,Grant Blvd & Mayar St
1237,SY80,FROM HUB,TO HUB,43.072347,-76.136789,Grant Blvd & Oak St
1099,SY80,FROM HUB,TO HUB,43.072427,-76.136048,Grant Blvd & Darlington Rd
6671,SY80,FROM HUB,TO HUB,43.072515,-76.134863,Grant Blvd & Kenwick Dr
6679,SY80,FROM HUB,TO HUB,43.072488,-76.134579,Grant Blvd & Dewitt St
10708,SY80,FROM HUB,TO HUB,43.072532,-76.133714,Grant Blvd & Pleasantview Ave
6681,SY80,FROM HUB,TO HUB,43.072604,-76.133455,Grant Blvd & Pleasantview Ave
6685,SY80,FROM HUB,TO HUB,43.072629,-76.131344,Grant Blvd & Woodlawn Ter
6684,SY80,FROM HUB,TO HUB,43.0727,-76.131085,Grant Blvd & Woodlawn Ter
6691,SY80,FROM HUB,TO HUB,43.07269,-76.130147,Grant Blvd & Wendell Ter
6687,SY80,FROM HUB,TO HUB,43.072762,-76.1299,Grant Blvd & Wendell Ter
6696,SY80,FROM HUB,TO HUB,43.072743,-76.128912,Grant Blvd & Brattle Rd
6694,SY80,FROM HUB,TO HUB,43.072805,-76.12864,Grant Blvd & Brattle Rd
6700,SY80,FROM HUB,TO HUB,43.072813,-76.12764,Grant Blvd & Durston Ave
6698,SY80,FROM HUB,TO HUB,43.072867,-76.127418,Grant Blvd & Durston Ave
6706,SY80,FROM HUB,TO HUB,43.072884,-76.126517,Grant Blvd & Wheaton Rd
6703,SY80,FROM HUB,TO HUB,43.072928,-76.126307,Grant Blvd & Wheaton Rd
13243,SY80,FROM HUB,TO HUB,43.072012,-76.122568,Grant Blvd & Teall Ave
13242,SY80,FROM HUB,TO HUB,43.071751,-76.121643,Grant Ter & Grant Blvd
13234,SY80,FROM HUB,TO HUB,43.071697,-76.121581,Grant Ter & Grant Blvd
18135,SY80,FROM HUB,TO HUB,43.073595,-76.121454,Shop City Rite Aid
3675,SY80,FROM HUB,TO HUB,43.07345,-76.119529,Shop City
7150,SY80,FROM HUB,TO HUB,43.077021,-76.118164,Swansea Ave & Craigie St
13237,SY80,FROM HUB,TO HUB,43.077154,-76.116843,Craigie St & Gaynor Ave
13236,SY80,FROM HUB,TO HUB,43.077189,-76.11609,Craige St & Noble Ave
2603,SY80,FROM HUB,TO HUB,43.077242,-76.115287,Craigie St & Taft Ave
9512,SY80,FROM HUB,TO HUB,43.075684,-76.114994,East Wood Homes
7863,SY80,FROM HUB,TO HUB,43.071358,-76.113681,Brick School Ter
6485,SY80,FROM HUB,TO HUB,43.068791,-76.115279,Eastwood Rd & Grant Blvd
